{
	"credit": "Made with Blockbench",
	"textures": {
		"0": "custom/nero",
		"particle": "custom/nero"
	},
	"elements": [
		{
			"from": [8, 0, 4],
			"to": [9, 9, 5],
			"faces": {
				"north": {"uv": [0, 0, 1, 9], "texture": "#0"},
				"east": {"uv": [0, 0, 1, 9], "texture": "#0"},
				"south": {"uv": [0, 0, 1, 9], "texture": "#0"},
				"west": {"uv": [0, 0, 1, 9], "texture": "#0"},
				"up": {"uv": [0, 0, 1, 1], "texture": "#0"},
				"down": {"uv": [0, 0, 1, 1], "texture": "#0"}
			}
		},
		{
			"from": [8, 16, -9.5],
			"to": [9, 25, -8.5],
			"rotation": {"angle": 22.5, "axis": "x", "origin": [0, 0, 0]},
			"faces": {
				"north": {"uv": [0, 0, 1, 9], "texture": "#0"},
				"east": {"uv": [0, 0, 1, 9], "texture": "#0"},
				"south": {"uv": [0, 0, 1, 9], "texture": "#0"},
				"west": {"uv": [0, 0, 1, 9], "texture": "#0"},
				"up": {"uv": [0, 0, 1, 1], "texture": "#0"},
				"down": {"uv": [0, 0, 1, 1], "texture": "#0"}
			}
		},
		{
			"from": [8, 9.75, 23.25],
			"to": [9, 18.75, 24.25],
			"rotation": {"angle": -22.5, "axis": "x", "origin": [0, 0, 0]},
			"faces": {
				"north": {"uv": [0, 0, 1, 9], "rotation": 180, "texture": "#0"},
				"east": {"uv": [0, 0, 1, 9], "rotation": 180, "texture": "#0"},
				"south": {"uv": [0, 0, 1, 9], "rotation": 180, "texture": "#0"},
				"west": {"uv": [0, 0, 1, 9], "rotation": 180, "texture": "#0"},
				"up": {"uv": [0, 0, 1, 1], "texture": "#0"},
				"down": {"uv": [0, 0, 1, 1], "texture": "#0"}
			}
		},
		{
			"from": [8, 2.75, 17.5],
			"to": [9, 18.75, 18.5],
			"faces": {
				"north": {"uv": [0, 0, 1, 16], "rotation": 180, "texture": "#0"},
				"east": {"uv": [0, 0, 1, 16], "rotation": 180, "texture": "#0"},
				"south": {"uv": [0, 0, 1, 16], "rotation": 180, "texture": "#0"},
				"west": {"uv": [0, 0, 1, 16], "rotation": 180, "texture": "#0"},
				"up": {"uv": [0, 0, 1, 1], "texture": "#0"},
				"down": {"uv": [0, 0, 1, 1], "texture": "#0"}
			}
		},
		{
			"from": [8, 2.75, -2.5],
			"to": [9, 18.75, -1.5],
			"faces": {
				"north": {"uv": [0, 0, 1, 16], "rotation": 180, "texture": "#0"},
				"east": {"uv": [0, 0, 1, 16], "rotation": 180, "texture": "#0"},
				"south": {"uv": [0, 0, 1, 16], "rotation": 180, "texture": "#0"},
				"west": {"uv": [0, 0, 1, 16], "rotation": 180, "texture": "#0"},
				"up": {"uv": [0, 0, 1, 1], "texture": "#0"},
				"down": {"uv": [0, 0, 1, 1], "texture": "#0"}
			}
		},
		{
			"from": [8, 0, 11],
			"to": [9, 9, 12],
			"faces": {
				"north": {"uv": [0, 0, 1, 9], "texture": "#0"},
				"east": {"uv": [0, 0, 1, 9], "texture": "#0"},
				"south": {"uv": [0, 0, 1, 9], "texture": "#0"},
				"west": {"uv": [0, 0, 1, 9], "texture": "#0"},
				"up": {"uv": [0, 0, 1, 1], "texture": "#0"},
				"down": {"uv": [0, 0, 1, 1], "texture": "#0"}
			}
		},
		{
			"from": [8, -2.15, 13.85],
			"to": [9, 2.85, 14.85],
			"rotation": {"angle": -45, "axis": "x", "origin": [0, 0, 0]},
			"faces": {
				"north": {"uv": [0, 0, 1, 5], "texture": "#0"},
				"east": {"uv": [0, 0, 1, 5], "texture": "#0"},
				"south": {"uv": [0, 0, 1, 5], "texture": "#0"},
				"west": {"uv": [0, 0, 1, 5], "texture": "#0"},
				"up": {"uv": [0, 0, 1, 1], "texture": "#0"},
				"down": {"uv": [0, 0, 1, 1], "texture": "#0"}
			}
		},
		{
			"from": [8, 9.25, -3.5],
			"to": [9, 14.85, -2.5],
			"rotation": {"angle": 45, "axis": "x", "origin": [0, 0, 0]},
			"faces": {
				"north": {"uv": [0, 0, 1, 5.6], "rotation": 180, "texture": "#0"},
				"east": {"uv": [0, 0, 1, 5.6], "rotation": 180, "texture": "#0"},
				"south": {"uv": [0, 0, 1, 5.6], "rotation": 180, "texture": "#0"},
				"west": {"uv": [0, 0, 1, 5.6], "rotation": 180, "texture": "#0"},
				"up": {"uv": [0, 0, 1, 1], "texture": "#0"},
				"down": {"uv": [0, 0, 1, 1], "texture": "#0"}
			}
		},
		{
			"from": [8, 12.5, 7.5],
			"to": [9, 27, 8.5],
			"faces": {
				"north": {"uv": [0, 0, 1, 14.5], "texture": "#0"},
				"east": {"uv": [0, 0, 1, 14.5], "texture": "#0"},
				"south": {"uv": [0, 0, 1, 14.5], "texture": "#0"},
				"west": {"uv": [0, 0, 1, 14.5], "texture": "#0"},
				"up": {"uv": [0, 0, 1, 1], "texture": "#0"},
				"down": {"uv": [0, 0, 1, 1], "texture": "#0"}
			}
		},
		{
			"from": [8, 25.5, 0.5],
			"to": [9, 27, 15.5],
			"faces": {
				"north": {"uv": [0, 0, 1, 1.5], "texture": "#0"},
				"east": {"uv": [0, 0, 15, 1.5], "texture": "#0"},
				"south": {"uv": [0, 0, 1, 1.5], "texture": "#0"},
				"west": {"uv": [0, 0, 15, 1.5], "texture": "#0"},
				"up": {"uv": [0, 0, 1, 15], "texture": "#0"},
				"down": {"uv": [0, 0, 1, 15], "texture": "#0"}
			}
		},
		{
			"from": [6, 27, 5.5],
			"to": [11, 32, 10.5],
			"faces": {
				"north": {"uv": [0, 0, 5, 5], "texture": "#0"},
				"east": {"uv": [0, 0, 5, 5], "texture": "#0"},
				"south": {"uv": [0, 0, 5, 5], "texture": "#0"},
				"west": {"uv": [0, 0, 5, 5], "texture": "#0"},
				"up": {"uv": [0, 0, 5, 5], "texture": "#0"},
				"down": {"uv": [0, 0, 5, 5], "texture": "#0"}
			}
		}
	],
	"display": {
		"head": {
			"rotation": [180, 90, 180],
			"translation": [0, -22, 0],
			"scale": [3, 3, 3]
		}
	}
}